<?xml version="1.0" encoding="UTF-8"?>
<classpath>
	<classpathentry kind="src" path="src"/>
	<classpathentry kind="src" path="src_gen"/>
	<classpathentry kind="src" path="src_test"/>
	<classpathentry kind="con" path="org.eclipse.jdt.launching.JRE_CONTAINER"/>
	<classpathentry kind="con" path="org.eclipse.jdt.USER_LIBRARY/Codec"/>
	<classpathentry kind="con" path="org.eclipse.jdt.USER_LIBRARY/Freemarker"/>
	<classpathentry kind="con" path="org.eclipse.jdt.USER_LIBRARY/Joda"/>
	<classpathentry kind="con" path="org.eclipse.jdt.USER_LIBRARY/Spring Framework"/>
	<classpathentry kind="con" path="org.eclipse.jdt.USER_LIBRARY/DWR 2.0.1"/>
	<classpathentry kind="con" path="org.eclipse.jdt.USER_LIBRARY/SNMP4J"/>
	<classpathentry kind="con" path="org.eclipse.jdt.USER_LIBRARY/Servlet &amp; JSP"/>
	<classpathentry kind="con" path="org.eclipse.jdt.USER_LIBRARY/Log4J"/>
	<classpathentry kind="lib" path="war/WEB-INF/lib/commons-logging.jar" sourcepath="E:/JavaApis/commons-logging-1.1.1-src/src"/>
	<classpathentry kind="lib" path="war/WEB-INF/lib/derby.jar"/>
	<classpathentry kind="lib" path="war/WEB-INF/lib/derbytools.jar"/>
	<classpathentry kind="lib" path="war/WEB-INF/lib/spinwave.jar"/>
	<classpathentry kind="lib" path="lib/RXTXcomm.jar"/>
	<classpathentry kind="lib" path="war/WEB-INF/lib/jcommon-1.0.14.jar" sourcepath="E:/JavaApis/jfreechart/jcommon-1.0.14/source"/>
	<classpathentry kind="lib" path="war/WEB-INF/lib/jfreechart-1.0.11.jar" sourcepath="E:/JavaApis/jfreechart/jfreechart-1.0.11/source"/>
	<classpathentry kind="lib" path="war/WEB-INF/lib/mbus4j-core-0.1.3.jar"/>
	<classpathentry kind="lib" path="war/WEB-INF/lib/openv4j-core-0.1.3.jar"/>
	<classpathentry kind="lib" path="war/WEB-INF/lib/slf4j-api-1.5.11.jar"/>
	<classpathentry kind="lib" path="war/WEB-INF/lib/mbus4j-master-0.1.3.jar"/>
	<classpathentry kind="lib" path="war/WEB-INF/lib/viconics.jar" sourcepath="/Viconics/src"/>
	<classpathentry kind="lib" path="war/WEB-INF/lib/dnp3.jar"/>
	<classpathentry kind="lib" path="war/WEB-INF/lib/jstl-api-1.2.jar"/>
	<classpathentry kind="lib" path="war/WEB-INF/lib/opc-driver.jar"/>
	<classpathentry kind="lib" path="war/WEB-INF/lib/org.openscada.opc.lib-0.5.0.jar"/>
	<classpathentry kind="lib" path="war/WEB-INF/lib/sqljdbc4.jar"/>
	<classpathentry kind="lib" path="war/WEB-INF/lib/crowd-integration-client-2.1.1.jar" sourcepath="/Crowd/src-crowd/crowd-integration-client-2.1.1.src.zip"/>
	<classpathentry kind="con" path="org.eclipse.jdt.USER_LIBRARY/Standard Taglib"/>
	<classpathentry kind="lib" path="war/WEB-INF/lib/mail.jar"/>
	<classpathentry kind="lib" path="war/WEB-INF/lib/commons-collections-3.2.1.jar"/>
	<classpathentry kind="lib" path="war/WEB-INF/lib/commons-pool.jar"/>
	<classpathentry kind="lib" path="war/WEB-INF/lib/mysql-connector-java-5.1.7-bin.jar"/>
	<classpathentry kind="lib" path="war/WEB-INF/lib/commons-dbcp-jdbc4.jar"/>
	<classpathentry kind="lib" path="war/WEB-INF/lib/jaxrpc.jar"/>
	<classpathentry kind="lib" path="war/WEB-INF/lib/axis.jar"/>
	<classpathentry kind="lib" path="war/WEB-INF/lib/wsdl4j-1.5.1.jar"/>
	<classpathentry kind="lib" path="war/WEB-INF/lib/commons-discovery-0.2.jar"/>
	<classpathentry kind="con" path="org.eclipse.jdt.USER_LIBRARY/HttpClient 3.1"/>
	<classpathentry kind="lib" path="war/WEB-INF/lib/OneWireAPI.jar" sourcepath="E:/JavaApis/OneWire/src"/>
	<classpathentry kind="lib" path="war/WEB-INF/lib/seroUtils.jar" sourcepath="/SeroUtils/src_core"/>
	<classpathentry kind="lib" path="war/WEB-INF/lib/bacnet4J.jar" sourcepath="/BACnet4J/src"/>
	<classpathentry kind="con" path="org.eclipse.jdt.USER_LIBRARY/Modbus4J"/>
	<classpathentry kind="output" path="bin"/>
</classpath>
